userId,destId,rating
1,3,3.0
1,30,5.0
1,29,4.5
1,9,4.5
1,24,3.0
1,20,3.0
1,17,4.0
1,18,4.0
1,1,1.5
1,6,2.0
1,21,1.0
1,14,3.0
2,3,4.0
2,1,4.0
2,8,3.5
2,27,4.5
2,19,3.0
2,29,5.0
2,14,4.5
2,13,1.5
2,6,2.5
2,16,2.5
2,20,2.5
3,5,4.0
3,23,3.5
3,24,5.0
3,28,4.5
3,16,4.5
3,14,5.0
3,22,4.5
3,12,4.0
3,11,3.5
3,4,4.0
3,15,3.5
3,7,4.0
3,26,5.0
3,25,4.0
3,2,2.0
4,7,4.5
4,25,4.5
4,21,3.0
4,19,4.0
4,3,3.5
4,29,4.5
4,6,4.0
4,20,5.0
4,2,4.0
4,8,4.5
4,10,4.5
4,9,3.5
4,12,1.5
4,5,3.0
4,26,2.5
4,24,2.0
5,6,4.5
5,15,3.0
5,2,3.5
5,11,4.5
5,27,3.0
5,22,3.5
5,17,4.0
5,1,4.5
5,16,4.5
5,7,3.5
5,12,4.5
5,5,3.5
5,23,4.0
5,24,4.5
5,29,2.0
5,10,3.0
5,21,2.5
6,21,4.0
6,18,5.0
6,13,4.0
6,22,3.5
6,25,2.5
7,3,4.5
7,17,3.5
7,29,3.5
7,23,5.0
7,11,4.5
7,19,3.0
7,4,4.0
7,7,4.0
7,24,4.5
7,16,4.0
7,9,3.5
7,1,3.0
7,5,4.0
7,15,4.5
7,14,3.0
7,21,5.0
7,18,4.0
7,26,2.0
7,10,2.0
8,20,3.0
8,2,4.5
8,30,5.0
8,10,4.5
8,8,4.0
8,13,4.5
8,9,4.0
8,14,4.0
8,1,5.0
8,6,4.0
8,29,5.0
8,22,2.5
8,27,3.0
9,23,4.0
9,11,3.0
9,12,3.0
9,5,5.0
9,24,4.5
9,16,4.0
9,14,5.0
9,26,4.5
9,7,4.0
9,22,4.0
9,27,2.0
9,6,1.5
9,19,2.0
9,1,3.0
10,21,4.5
10,12,4.5
10,2,4.5
10,1,4.5
10,6,4.5
10,13,4.5
10,15,3.5
10,14,4.0
10,27,4.0
10,24,3.0
10,18,4.0
10,28,1.0
10,25,2.0
11,13,4.5
11,10,3.5
11,19,4.0
11,9,4.5
11,25,4.0
11,21,5.0
11,20,4.0
11,14,4.5
11,2,4.0
11,8,4.5
11,3,4.5
11,18,3.0
11,30,3.0
11,29,3.5
11,1,3.0
11,15,2.5
11,12,2.5
11,16,3.0
12,1,4.5
12,17,3.0
12,15,4.5
12,23,4.0
12,14,4.0
12,22,5.0
12,5,4.0
12,12,4.0
12,7,4.5
12,11,4.5
12,4,4.0
12,16,4.5
12,19,1.5
13,8,4.5
13,12,4.5
13,13,3.0
13,6,5.0
13,20,5.0
13,17,3.0
13,29,4.0
13,27,4.5
13,2,4.5
13,14,3.5
13,30,3.5
13,4,2.0
14,12,4.5
14,14,4.0
14,27,4.5
14,17,4.5
14,15,1.5
14,16,3.0
14,21,1.0
15,8,4.5
15,9,4.0
15,13,4.5
15,2,3.5
15,29,4.0
15,20,4.0
15,6,4.0
15,30,3.5
15,14,3.5
15,1,4.5
15,10,4.0
15,16,3.0
15,15,2.5
16,3,3.5
16,17,4.5
16,10,5.0
16,2,4.0
16,6,4.5
16,25,4.5
16,16,2.5
16,20,2.5
16,9,3.0
16,4,2.5
16,18,1.5
17,14,4.0
17,27,4.5
17,12,3.5
17,17,4.5
17,22,1.5
17,1,1.5
17,7,2.0
17,23,2.5
17,3,2.5
18,2,4.0
18,22,4.5
18,13,3.5
18,20,4.5
18,4,4.5
18,27,3.5
18,3,2.0
18,9,1.0
18,15,3.0
19,30,4.0
19,21,4.0
19,18,4.5
19,19,3.5
19,24,4.0
19,29,3.0
19,27,1.5
19,15,2.0
19,11,3.0
19,4,1.0
20,12,4.5
20,14,4.0
20,16,5.0
20,24,3.5
20,7,5.0
20,15,4.5
20,11,3.5
20,4,4.5
20,27,5.0
20,28,2.5
20,3,2.5
20,20,3.0
20,1,1.5
21,25,5.0
21,6,3.5
21,9,3.0
21,19,4.5
21,12,3.0
21,7,4.5
21,27,4.0
21,29,5.0
21,2,4.5
21,17,4.5
21,10,5.0
21,8,4.0
21,14,5.0
21,18,1.5
22,10,3.0
22,8,5.0
22,14,4.5
22,30,4.5
22,13,4.5
22,2,4.5
22,20,4.5
22,1,2.5
22,24,2.5
22,11,2.5
22,27,2.0
22,4,2.5
23,21,4.5
23,18,4.0
23,13,4.5
23,22,4.5
23,19,1.0
23,25,2.0
24,26,5.0
24,11,4.5
24,10,5.0
24,6,5.0
24,22,4.5
24,7,3.0
24,25,2.0
24,28,3.0
24,24,3.0
24,8,2.0
24,23,2.5
25,10,4.5
25,11,4.0
25,9,4.0
25,20,3.0
25,3,4.5
25,27,3.0
25,8,4.0
25,6,5.0
25,25,3.5
25,26,5.0
25,28,5.0
25,21,3.0
25,7,5.0
25,18,4.0
25,19,5.0
25,14,1.0
25,22,3.0
26,10,3.5
26,6,4.0
26,17,3.0
26,9,4.0
26,8,4.5
26,29,4.0
26,30,3.5
26,13,4.5
26,27,4.5
26,14,3.5
26,1,4.5
26,20,5.0
26,2,3.5
26,12,4.5
26,5,2.0
27,19,5.0
27,3,5.0
27,21,4.5
27,20,4.0
27,8,4.0
27,10,4.0
27,7,4.5
27,29,4.5
27,2,3.5
27,11,1.5
27,9,1.5
28,2,3.5
28,8,4.5
28,20,3.0
28,6,4.0
28,10,3.5
28,17,4.0
28,24,2.5
28,11,2.5
28,5,2.5
29,9,3.0
29,19,3.0
29,18,3.5
29,26,3.5
29,3,5.0
29,7,3.5
29,27,5.0
29,6,4.0
29,20,3.5
29,10,4.5
29,25,4.5
29,8,4.0
29,21,4.5
29,11,4.5
29,28,3.5
30,29,5.0
30,22,4.0
30,10,4.0
30,20,4.0
30,7,4.5
30,25,3.5
30,6,4.0
30,12,5.0
30,2,2.0
31,4,4.5
31,24,3.5
31,11,3.5
31,15,3.0
31,6,3.5
31,1,4.5
31,14,4.5
31,22,4.0
31,2,4.0
31,5,4.5
31,16,3.0
31,23,4.0
31,7,5.0
31,9,2.0
31,19,2.5
31,3,3.0
32,17,4.5
32,14,5.0
32,13,3.0
32,12,5.0
32,27,4.0
32,18,5.0
32,21,4.5
32,22,4.5
33,18,4.5
33,13,4.0
33,21,4.0
33,22,5.0
33,1,3.0
33,8,1.0
33,17,3.0
34,30,4.0
34,21,3.5
34,24,5.0
34,17,4.5
34,3,3.5
34,19,4.0
34,9,4.5
34,18,3.5
34,14,5.0
34,22,4.0
34,20,3.0
34,12,4.5
34,27,4.0
34,29,4.0
34,7,1.5
34,6,2.0
35,24,4.0
35,11,4.5
35,16,4.5
35,5,4.0
35,28,4.0
35,23,4.5
35,25,3.0
35,26,4.0
35,22,4.5
35,15,4.5
35,27,2.0
35,12,2.5
36,29,4.0
36,24,4.5
36,9,3.0
36,17,4.0
36,3,5.0
36,21,4.0
36,30,4.0
36,19,3.5
36,18,5.0
36,15,2.5
37,21,3.5
37,3,4.5
37,30,4.0
37,24,5.0
37,9,5.0
37,22,4.5
37,19,4.5
37,18,4.0
37,29,3.0
37,20,4.0
37,17,3.5
37,11,2.5
37,25,1.5
37,8,1.0
38,10,3.0
38,8,4.5
38,18,5.0
38,19,3.5
38,22,3.5
38,3,3.5
38,13,4.0
38,26,3.5
38,28,4.5
38,9,3.0
38,27,4.0
38,1,2.5
38,24,1.5
38,11,1.0
39,26,4.5
39,27,4.5
39,18,5.0
39,19,4.0
39,13,5.0
39,22,3.5
39,10,3.5
39,6,4.5
39,25,5.0
39,9,1.0
39,4,1.0
40,21,4.0
40,18,4.0
40,22,4.5
40,13,3.0
40,11,3.0
40,30,2.5
40,1,2.5
41,28,4.5
41,5,4.5
41,15,4.5
41,20,4.5
41,7,3.5
41,19,4.0
41,3,5.0
41,12,5.0
41,10,3.0
41,2,3.5
41,23,3.5
41,8,4.5
41,11,4.5
41,18,3.0
41,6,2.5
42,19,4.5
42,6,4.5
42,8,4.5
42,3,4.0
42,10,4.0
42,20,3.5
42,2,4.0
42,25,4.5
42,21,4.5
42,9,3.5
42,29,3.5
42,7,4.5
42,23,2.5
42,1,1.5
42,11,2.5
43,14,5.0
43,10,5.0
43,9,4.5
43,13,4.0
43,6,4.5
43,17,4.5
43,8,3.5
43,20,4.0
43,2,4.5
43,30,3.0
43,4,2.0
43,15,2.0
44,23,4.0
44,7,3.5
44,25,5.0
44,5,3.5
44,15,4.0
44,12,4.5
44,22,4.0
44,4,4.5
44,16,3.0
44,28,4.0
44,26,3.0
44,24,3.0
44,27,5.0
44,17,3.5
44,29,2.0
44,21,3.0
45,8,4.0
45,6,4.0
45,7,3.5
45,20,5.0
45,21,4.5
45,25,4.5
45,28,4.0
45,27,4.0
45,18,4.5
45,19,4.0
45,3,3.0
45,11,4.0
45,26,4.5
45,2,4.0
45,29,3.0
45,5,2.0
45,13,2.0
46,6,4.5
46,2,4.0
46,9,5.0
46,10,4.0
46,13,3.5
46,1,4.5
46,20,4.5
46,8,4.0
46,30,5.0
46,14,5.0
46,29,4.0
46,26,2.0
46,3,1.5
46,25,1.0
46,15,2.5
47,14,5.0
47,27,4.5
47,17,4.0
47,12,4.5
47,29,3.0
47,20,2.5
47,13,1.5
47,19,2.5
47,5,2.0
48,14,4.0
48,18,3.5
48,11,4.0
48,5,3.5
48,8,4.0
48,19,4.5
48,10,4.0
48,28,3.0
48,23,4.0
48,17,3.0
48,2,5.0
48,21,3.5
49,24,4.5
49,7,5.0
49,26,5.0
49,11,4.0
49,4,3.0
49,12,4.5
49,23,4.5
49,15,3.5
49,28,3.0
49,25,5.0
49,14,4.5
49,22,4.5
49,5,5.0
49,16,4.5
49,21,2.0
49,20,2.0
50,6,4.0
50,11,5.0
50,20,3.0
50,26,4.5
50,8,4.5
50,9,4.0
50,25,4.0
50,10,4.0
50,28,3.5
50,27,4.0
50,22,3.0
50,18,4.0
50,3,4.5
50,19,4.0
50,21,4.5
50,7,4.0
50,15,2.5
51,22,3.0
51,29,4.0
51,24,5.0
51,3,4.5
51,20,4.5
51,30,4.0
51,4,1.5
51,27,2.0
51,11,3.0
52,6,4.5
52,8,4.5
52,1,4.0
52,29,3.5
52,20,4.0
52,24,3.5
52,13,5.0
52,10,4.0
52,30,3.5
52,18,3.0
52,3,4.5
52,2,4.5
52,14,1.5
52,19,3.0
52,21,2.0
53,20,3.0
53,19,4.5
53,2,3.5
53,3,3.0
53,7,5.0
53,9,4.5
53,10,5.0
53,6,4.0
53,25,4.0
53,29,3.5
53,21,3.5
53,8,4.5
53,18,2.5
53,28,2.0
53,27,2.5
54,18,5.0
54,7,3.5
54,28,4.0
54,19,5.0
54,13,4.0
54,3,5.0
54,27,4.5
54,8,4.0
54,11,4.0
54,25,3.5
54,9,4.5
54,26,4.0
54,21,4.0
54,22,4.0
54,10,4.5
54,20,5.0
54,17,2.5
54,2,3.0
54,24,1.0
55,26,4.5
55,9,3.5
55,8,4.5
55,11,4.5
55,21,4.5
55,10,4.5
55,3,4.5
55,20,4.5
55,27,3.0
55,6,4.0
55,25,3.0
55,28,4.0
55,19,4.0
55,15,2.0
55,30,1.5
56,11,4.5
56,15,4.0
56,5,4.0
56,16,3.5
56,2,4.0
56,12,4.0
56,7,4.5
56,1,3.5
56,14,5.0
56,17,4.5
56,27,4.0
56,4,3.5
56,24,5.0
56,22,4.5
56,26,3.0
57,28,5.0
57,11,4.5
57,25,5.0
57,7,4.5
57,14,4.0
57,12,3.5
57,5,4.5
57,15,4.5
57,16,3.0
57,22,4.0
57,24,5.0
57,4,4.0
57,26,2.0
58,2,4.5
58,20,4.5
58,18,4.0
58,13,3.0
58,6,4.5
58,29,3.5
58,30,5.0
58,8,4.5
58,1,4.5
58,21,5.0
58,10,3.0
58,14,4.5
58,22,4.0
58,9,5.0
58,26,2.0
58,3,2.0
58,23,1.0
59,22,4.0
59,23,4.5
59,2,4.0
59,15,3.0
59,24,5.0
59,6,5.0
59,4,4.5
59,16,5.0
59,5,4.0
59,7,5.0
59,17,3.0
59,27,4.0
59,14,3.5
59,11,3.5
59,1,3.5
59,12,4.5
59,3,1.0
60,7,3.0
60,6,3.5
60,2,4.0
60,29,3.5
60,10,3.0
60,19,4.5
60,3,5.0
60,20,4.5
60,21,5.0
60,25,3.5
60,14,2.0
60,26,1.5
61,22,3.5
61,3,4.0
61,20,4.5
61,17,4.5
61,9,3.0
61,21,4.0
61,30,3.0
61,29,4.0
61,18,4.5
61,19,3.5
61,24,4.0
61,8,3.0
61,6,3.0
61,16,1.0
61,13,3.0
62,10,3.5
62,2,4.0
62,9,5.0
62,3,4.5
62,25,4.0
62,29,4.5
62,21,4.5
62,6,5.0
62,19,4.0
62,8,3.5
62,7,4.0
62,20,4.0
62,30,2.0
62,12,2.5
62,11,2.5
63,14,4.0
63,17,3.5
63,27,3.0
63,12,4.5
63,2,2.5
63,23,1.5
63,30,2.5
63,3,2.5
64,12,4.5
64,27,4.5
64,14,3.5
64,17,5.0
64,28,1.5
64,20,2.5
64,11,2.5
64,23,2.0
65,27,4.5
65,17,4.0
65,12,5.0
65,14,3.0
65,1,2.5
66,9,4.5
66,22,4.5
66,19,3.5
66,16,4.0
66,6,4.5
66,27,3.5
66,12,4.0
66,26,4.0
66,20,4.0
66,5,5.0
66,11,3.0
66,4,4.0
66,24,3.5
66,14,5.0
66,10,3.5
66,25,4.0
67,13,3.0
67,30,3.5
67,9,3.5
67,8,4.0
67,22,4.5
67,14,3.5
67,21,5.0
67,1,3.0
67,18,4.5
67,20,4.5
67,23,3.0
67,5,2.0
68,21,4.5
68,30,3.0
68,17,5.0
68,20,3.0
68,19,4.0
68,18,3.0
68,22,3.0
68,9,5.0
68,29,4.0
68,24,4.0
68,3,3.5
68,2,3.0
69,12,4.5
69,14,4.5
69,27,4.0
69,17,4.0
69,19,2.5
69,10,3.0
70,7,4.0
70,4,5.0
70,1,5.0
70,22,4.0
70,5,4.0
70,2,4.0
70,23,5.0
70,24,5.0
70,6,3.5
70,21,2.5
70,20,1.5
71,4,5.0
71,15,4.5
71,12,4.5
71,16,4.0
71,14,4.0
71,26,4.0
71,24,4.5
71,28,4.5
71,22,3.5
71,5,4.0
71,11,4.0
71,7,5.0
71,25,4.5
71,23,4.0
71,8,2.5
71,6,2.0
72,15,3.0
72,11,4.0
72,23,3.5
72,22,4.5
72,24,4.5
72,4,4.0
72,16,5.0
72,14,4.0
72,12,4.0
72,27,5.0
72,17,3.5
72,5,5.0
72,10,3.0
73,14,5.0
73,22,4.5
73,2,4.5
73,7,4.5
73,24,4.5
73,1,3.5
73,23,4.0
73,30,4.0
73,9,5.0
73,18,4.0
73,16,4.0
73,15,4.0
73,29,2.0
74,8,4.5
74,1,3.0
74,6,3.0
74,30,5.0
74,2,4.0
74,10,4.5
74,9,4.5
74,20,5.0
74,13,5.0
74,22,3.5
74,29,3.0
74,24,2.5
74,18,2.0
75,17,4.0
75,22,5.0
75,14,4.5
75,12,4.0
75,13,5.0
75,1,3.5
75,7,5.0
75,5,4.5
75,23,3.0
75,21,4.5
75,4,5.0
75,24,3.0
75,27,4.5
75,20,3.0
76,6,5.0
76,21,3.5
76,14,4.5
76,9,4.0
76,7,4.5
76,11,5.0
76,20,3.0
76,25,5.0
76,3,4.5
76,17,5.0
76,27,4.0
76,26,4.5
76,8,3.0
76,10,4.0
76,18,3.0
76,28,5.0
76,1,2.0
77,6,4.0
77,26,4.0
77,21,4.5
77,28,4.5
77,18,4.5
77,29,4.5
77,27,5.0
77,30,1.5
77,5,3.0
77,11,1.5
77,1,2.5
78,2,4.0
78,1,5.0
78,20,4.5
78,13,4.5
78,6,4.5
78,9,4.0
78,8,4.5
78,14,4.0
78,29,5.0
78,10,5.0
78,30,4.0
78,3,1.0
78,12,2.0
78,11,1.5
79,19,4.0
79,12,3.0
79,18,3.0
79,6,4.5
79,11,4.0
79,4,4.5
79,3,3.5
79,9,3.0
79,1,4.0
79,23,3.5
79,15,3.0
79,5,4.5
80,9,4.0
80,27,4.0
80,10,4.0
80,16,4.5
80,15,4.0
80,23,3.5
80,11,4.0
80,14,4.5
80,21,2.5
80,5,2.5
81,27,3.5
81,12,4.5
81,17,5.0
81,14,4.0
81,7,2.5
81,19,3.0
81,21,3.0
81,11,2.5
82,14,3.5
82,27,4.5
82,17,4.0
82,12,3.5
82,24,1.0
82,22,2.5
83,7,3.5
83,24,4.5
83,4,4.5
83,2,4.5
83,22,4.0
83,5,3.5
83,9,3.0
83,11,4.5
83,12,3.0
83,21,4.0
83,29,4.5
83,10,1.0
83,30,2.0
84,25,4.0
84,10,4.5
84,3,3.0
84,2,4.0
84,29,5.0
84,20,4.0
84,6,4.0
84,19,4.5
84,7,3.0
84,1,2.5
84,9,2.0
84,27,3.0
84,17,1.5
84,21,3.0
85,21,4.5
85,10,4.0
85,3,4.5
85,7,5.0
85,2,3.5
85,25,4.0
85,8,1.5
85,11,1.0
85,24,3.0
86,28,3.5
86,18,4.5
86,11,4.0
86,8,4.5
86,25,3.0
86,20,3.0
86,19,4.0
86,2,2.0
86,3,2.5
86,27,2.5
86,1,1.5
87,18,4.5
87,13,3.0
87,22,3.0
87,21,4.0
87,19,1.0
87,8,3.0
87,12,1.0
87,1,2.0
88,1,4.5
88,14,4.5
88,10,4.0
88,8,4.5
88,30,3.0
88,2,4.0
88,29,4.0
88,13,3.5
88,21,3.0
88,9,3.0
89,7,4.5
89,8,3.5
89,28,5.0
89,21,3.5
89,27,4.5
89,9,4.0
89,11,3.5
89,6,3.0
89,10,4.5
89,19,4.5
89,26,4.5
89,3,4.0
89,18,4.5
89,20,4.5
89,25,4.5
89,13,2.5
89,1,2.5
90,29,4.5
90,11,4.0
90,4,4.0
90,12,5.0
90,6,3.0
90,2,4.0
90,5,4.5
90,17,3.5
90,20,3.0
90,24,2.0
90,10,2.0
90,19,2.0
90,15,3.0
91,21,4.0
91,2,4.0
91,23,4.5
91,1,3.5
91,18,3.5
91,12,4.5
91,6,4.0
91,14,4.0
91,15,4.0
91,24,4.0
91,7,4.5
91,4,4.5
91,22,4.5
91,11,5.0
91,13,4.0
91,5,3.0
91,9,2.5
91,25,2.5
92,6,4.0
92,27,3.5
92,12,4.5
92,15,5.0
92,4,4.0
92,2,3.0
92,16,4.0
92,11,4.0
92,1,3.5
92,17,4.5
92,23,5.0
92,5,4.0
92,14,4.0
92,24,4.0
92,8,1.5
93,4,5.0
93,15,4.0
93,14,4.0
93,12,3.5
93,28,3.5
93,23,4.0
93,5,4.5
93,3,2.5
93,18,2.5
94,25,3.0
94,8,3.5
94,6,3.5
94,28,3.5
94,18,4.0
94,7,4.5
94,3,5.0
94,20,4.5
94,26,3.5
94,9,4.0
94,10,3.5
94,4,2.5
94,1,1.0
95,30,3.0
95,1,4.5
95,9,4.0
95,20,5.0
95,8,3.5
95,2,4.0
95,13,3.5
95,14,5.0
95,29,4.5
95,6,4.5
95,10,5.0
95,19,1.0
96,21,4.0
96,27,5.0
96,20,3.0
96,14,4.0
96,16,4.0
96,15,4.5
96,22,5.0
96,29,3.5
96,24,5.0
96,11,4.5
96,5,3.5
96,7,4.0
96,18,4.0
96,6,5.0
96,30,3.0
96,9,3.0
97,12,4.5
97,7,3.0
97,17,4.0
97,5,4.5
97,14,4.5
97,4,4.0
97,24,4.5
97,15,4.5
97,6,4.5
97,1,4.5
97,27,4.5
97,2,4.0
97,16,3.5
97,22,4.0
97,23,4.0
97,11,4.5
97,28,3.0
97,10,1.5
98,11,3.5
98,12,4.5
98,23,4.0
98,16,4.0
98,5,4.5
98,25,4.5
98,4,3.0
98,6,2.5
99,18,3.0
99,21,3.5
99,22,3.0
99,13,5.0
99,11,2.5
99,1,2.5
100,20,5.0
100,1,4.5
100,2,4.5
100,13,4.5
100,29,4.0
100,14,4.5
100,30,3.5
100,6,4.5
100,9,4.5
100,8,3.0
100,10,4.5
100,25,2.5
100,12,2.5
100,3,1.5
101,17,4.0
101,2,5.0
101,19,5.0
101,8,3.5
101,24,3.0
101,22,3.5
101,21,4.5
101,20,4.5
101,29,4.5
101,1,4.0
102,19,4.0
102,6,5.0
102,20,4.0
102,8,4.0
102,21,3.5
102,29,5.0
102,10,3.5
102,9,3.0
102,3,4.5
102,25,4.5
102,2,4.0
102,7,4.0
102,24,2.5
103,11,4.0
103,7,4.5
103,6,3.0
103,4,4.0
103,29,4.5
103,9,4.5
103,20,4.5
103,25,5.0
103,10,4.5
103,26,4.5
103,14,3.0
103,19,4.0
103,12,3.0
103,3,4.5
103,15,4.0
103,21,4.5
103,2,1.5
103,30,2.5
103,13,2.0
104,14,4.5
104,12,4.0
104,27,4.5
104,17,5.0
104,26,1.0
104,20,2.5
104,9,2.5
105,27,4.0
105,16,4.5
105,7,3.5
105,14,4.0
105,26,4.5
105,12,3.5
105,1,3.5
105,6,5.0
105,15,3.5
105,25,4.0
105,4,5.0
105,28,4.5
105,5,4.5
105,22,5.0
105,23,3.5
105,2,4.5
105,24,4.0
105,8,2.5
106,10,4.0
106,21,3.0
106,28,4.5
106,26,5.0
106,9,4.5
106,20,4.0
106,8,3.0
106,11,3.5
106,27,4.0
106,6,3.5
106,3,4.0
106,18,3.5
106,14,4.5
106,12,4.0
106,19,3.5
106,23,1.0
106,15,2.0
107,18,4.5
107,13,4.5
107,22,3.5
107,21,5.0
107,10,2.0
107,15,2.5
108,30,3.5
108,18,3.0
108,17,3.0
108,25,5.0
108,21,3.5
108,10,4.5
108,9,4.5
108,8,4.5
108,24,3.5
108,22,1.0
108,1,2.0
109,25,4.5
109,15,4.0
109,11,4.0
109,5,4.5
109,26,3.5
109,24,3.0
109,28,4.0
109,16,4.5
109,12,3.5
109,23,4.5
109,14,1.5
109,30,2.5
110,25,3.0
110,7,4.0
110,19,4.0
110,21,5.0
110,26,3.0
110,3,4.5
110,20,4.5
110,18,4.0
110,8,3.0
110,11,5.0
110,28,4.0
110,22,1.5
111,22,4.0
111,14,4.0
111,25,4.0
111,24,4.5
111,5,4.5
111,7,4.0
111,4,3.5
111,28,2.5
111,17,1.5
111,30,2.5
112,2,4.5
112,22,3.5
112,21,5.0
112,11,4.0
112,17,5.0
112,19,4.5
112,27,4.5
112,25,4.0
112,29,3.0
112,15,3.0
113,8,4.5
113,6,5.0
113,25,4.5
113,20,4.0
113,10,4.5
113,2,4.0
113,29,4.5
113,19,4.0
113,22,2.5
113,23,2.0
113,30,3.0
113,9,1.5
114,25,4.0
114,29,3.5
114,7,3.0
114,9,4.5
114,2,5.0
114,10,3.5
114,1,1.0
114,6,2.0
115,13,3.0
115,30,4.5
115,10,3.5
115,2,4.0
115,29,4.5
115,20,4.0
115,8,3.0
115,1,4.5
115,14,3.0
115,9,4.5
115,6,5.0
115,28,1.5
116,8,4.5
116,25,4.5
116,21,4.5
116,6,5.0
116,20,4.5
116,28,3.0
116,19,4.0
116,26,4.5
116,3,4.5
116,9,3.5
116,10,2.5
117,23,3.5
117,22,3.5
117,5,3.5
117,24,4.0
117,15,4.5
117,16,3.0
117,12,4.5
117,4,4.5
117,11,5.0
117,28,3.5
117,14,4.0
117,7,5.0
117,26,4.5
117,10,2.5
117,1,1.0
117,21,3.0
117,20,2.5
118,10,3.5
118,14,3.5
118,7,5.0
118,1,3.0
118,27,3.5
118,18,4.0
118,25,4.5
118,29,4.0
118,19,3.5
118,3,4.0
118,13,3.5
118,20,3.5
118,21,4.0
118,8,4.5
118,2,3.5
118,30,4.0
118,28,4.0
119,2,4.5
119,22,5.0
119,21,3.5
119,10,4.5
119,1,4.5
119,18,4.0
119,30,4.0
119,8,4.0
119,9,4.5
119,14,5.0
119,20,4.5
119,29,4.5
119,6,4.0
119,13,3.0
119,24,2.0
119,5,2.5
119,3,2.0
120,18,4.0
120,11,5.0
120,29,4.0
120,8,3.5
120,26,4.5
120,7,4.5
120,25,4.0
120,6,4.5
120,28,3.5
120,9,4.0
120,2,5.0
120,10,3.5
120,3,4.0
120,21,4.5
120,20,5.0
120,27,3.0
120,13,2.0
120,14,1.0
120,12,2.0
121,26,4.0
121,29,3.0
121,11,4.0
121,20,4.5
121,17,3.5
121,18,3.0
121,6,3.5
121,28,2.0
121,9,2.5
121,10,1.0
121,19,2.5
122,20,4.0
122,6,4.0
122,21,4.5
122,8,4.5
122,7,4.5
122,28,5.0
122,26,4.5
122,27,4.0
122,3,4.5
122,9,4.0
122,25,4.5
122,10,4.5
122,23,2.5
122,19,1.5
122,15,2.5
123,17,4.5
123,14,4.0
123,12,4.5
123,27,4.0
123,16,1.5
123,15,2.5
123,8,2.0
123,21,1.0
123,6,3.0
124,9,3.5
124,2,3.5
124,8,4.0
124,4,4.0
124,28,3.5
124,19,4.0
124,16,4.0
124,11,3.5
124,6,1.5
124,10,2.5
124,17,2.0
124,22,3.0
125,29,3.5
125,11,3.0
125,20,4.5
125,8,5.0
125,9,3.5
125,6,3.0
125,10,4.5
125,26,3.0
125,2,4.0
125,18,4.5
125,21,3.5
125,7,2.0
125,14,1.0
126,8,4.5
126,26,5.0
126,21,4.0
126,3,4.0
126,7,5.0
126,11,4.5
126,10,4.5
126,9,3.5
126,6,5.0
126,19,3.5
126,4,2.0
126,1,2.5
126,17,1.5
127,13,4.5
127,22,3.0
127,18,4.0
127,21,3.0
127,23,2.0
127,3,3.0
127,28,2.5
128,25,3.5
128,28,4.0
128,14,3.0
128,7,5.0
128,16,4.0
128,26,4.5
128,4,4.5
128,5,4.0
128,11,4.0
128,22,5.0
128,24,5.0
128,15,4.0
128,12,4.0
128,23,5.0
128,19,2.0
128,30,3.0
128,17,2.5
129,13,5.0
129,14,4.0
129,17,4.5
129,27,4.0
129,12,5.0
129,18,5.0
129,22,3.0
129,21,5.0
129,4,3.0
129,10,1.0
129,29,2.5
129,15,2.0
129,6,2.0
130,8,4.5
130,11,5.0
130,17,3.5
130,19,4.5
130,28,5.0
130,24,4.0
130,10,4.5
130,6,4.5
130,27,4.0
130,20,4.0
130,25,3.0
130,26,5.0
130,18,5.0
130,21,4.5
130,29,2.0
130,14,3.0
130,3,2.5
131,7,4.0
131,20,4.0
131,21,4.5
131,29,3.5
131,2,4.5
131,9,4.0
131,3,4.0
131,25,3.5
131,19,3.5
131,14,1.5
132,28,4.0
132,20,3.0
132,2,3.5
132,7,5.0
132,3,5.0
132,8,4.0
132,21,5.0
132,16,1.5
132,24,2.0
132,13,3.0
133,23,4.5
133,11,4.0
133,25,3.0
133,4,3.0
133,7,3.5
133,22,3.0
133,16,4.5
133,14,4.5
133,28,3.5
133,15,4.5
133,5,3.5
133,12,4.0
133,24,3.5
134,3,3.5
134,19,4.5
134,8,3.5
134,11,3.0
134,28,4.5
134,25,4.0
134,26,5.0
134,20,4.5
134,9,3.0
134,27,5.0
134,6,4.0
134,16,1.5
134,23,3.0
135,7,3.0
135,6,3.0
135,5,4.5
135,26,5.0
135,27,4.0
135,14,4.0
135,1,3.5
135,15,4.0
135,24,3.0
135,2,5.0
135,17,4.5
135,22,5.0
135,23,5.0
135,11,4.0
135,4,4.0
135,20,2.5
135,29,1.0
136,21,4.5
136,20,4.0
136,19,4.5
136,28,4.0
136,29,4.0
136,26,4.5
136,2,4.0
136,7,2.0
136,4,1.0
137,25,3.5
137,6,4.5
137,13,4.5
137,19,4.5
137,22,4.0
137,29,3.0
137,21,2.5
137,28,2.0
138,26,4.5
138,11,5.0
138,14,4.5
138,4,4.0
138,25,5.0
138,7,4.0
138,5,4.5
138,28,4.0
138,23,4.5
138,12,4.5
138,15,4.5
138,22,3.5
138,29,2.5
138,3,2.5
138,2,3.0
139,14,3.5
139,12,4.5
139,27,4.0
139,17,4.0
139,13,2.0
139,3,2.5
140,29,5.0
140,19,4.5
140,18,4.5
140,30,4.5
140,21,4.5
140,17,5.0
140,9,4.5
140,20,5.0
140,14,4.0
140,12,3.5
140,22,4.0
140,24,3.5
140,3,4.5
140,27,4.0
140,26,2.5
140,28,3.0
141,23,4.5
141,21,3.5
141,5,3.0
141,7,5.0
141,24,3.0
141,4,4.5
141,18,4.0
141,13,4.5
141,15,4.5
141,17,5.0
141,22,5.0
141,2,3.0
141,30,1.0
141,10,2.0
141,12,2.5
141,8,1.0
142,20,5.0
142,6,4.5
142,19,3.0
142,18,4.0
142,11,5.0
142,25,4.0
142,3,4.5
142,2,2.5
143,17,4.5
143,22,4.5
143,19,4.5
143,6,5.0
143,3,4.0
143,30,3.0
143,10,4.0
143,29,4.5
143,18,4.0
143,13,4.5
143,14,4.0
143,21,5.0
143,5,2.0
144,19,5.0
144,4,4.5
144,22,3.0
144,10,4.0
144,25,4.0
144,7,4.0
144,11,4.0
144,23,2.5
144,29,3.0
145,8,4.0
145,12,3.0
145,6,5.0
145,19,4.5
145,28,4.0
145,17,3.5
145,27,5.0
145,18,4.0
145,25,3.5
145,20,4.5
145,26,5.0
145,3,3.0
145,11,2.5
145,29,3.0
145,13,2.0
146,22,4.0
146,13,4.0
146,18,4.0
146,21,4.5
146,25,2.0
146,15,1.5
146,3,1.5
146,9,2.5
146,26,2.0
147,22,3.5
147,18,3.5
147,11,5.0
147,5,5.0
147,24,4.5
147,1,4.0
147,17,4.0
147,7,5.0
147,16,5.0
147,2,3.5
147,15,4.5
147,6,3.5
147,12,3.5
147,27,4.5
147,13,4.0
147,21,5.0
147,23,2.0
148,20,4.0
148,7,4.0
148,29,3.5
148,8,4.5
148,3,5.0
148,6,4.0
148,2,3.0
148,9,4.5
148,19,4.0
148,21,5.0
148,10,4.0
148,25,3.5
148,16,3.0
148,17,1.0
149,21,3.5
149,9,3.5
149,20,4.0
149,24,3.5
149,17,4.0
149,19,5.0
149,29,4.5
149,22,4.0
149,18,2.0
149,25,2.0
149,2,3.0
149,14,3.0
150,28,4.0
150,25,4.0
150,14,4.0
150,26,5.0
150,22,5.0
150,15,5.0
150,23,4.0
150,12,4.5
150,7,5.0
150,11,5.0
150,16,4.0
150,24,3.5
150,4,3.0
150,5,4.5
150,3,1.5
151,5,3.0
151,14,3.5
151,11,3.5
151,16,4.0
151,24,4.5
151,28,4.0
151,7,3.5
151,26,4.0
151,15,2.0
151,23,3.0
152,29,5.0
152,22,4.0
152,20,5.0
152,17,4.0
152,19,4.0
152,18,3.5
152,3,4.5
152,14,3.5
152,12,5.0
152,27,5.0
152,6,3.0
152,13,2.5
152,11,1.0
153,13,4.0
153,9,4.5
153,2,4.5
153,6,4.0
153,22,5.0
153,1,4.0
153,14,5.0
153,8,5.0
153,29,3.5
153,18,4.0
153,20,4.0
153,10,4.5
153,30,4.0
153,24,1.0
153,25,2.0
154,22,4.5
154,19,5.0
154,13,4.0
154,9,3.0
154,2,4.0
154,6,4.5
154,8,3.5
154,1,4.0
154,29,4.5
154,3,4.5
154,30,4.0
154,21,4.0
154,16,1.5
154,7,2.0
155,27,4.0
155,12,5.0
155,14,3.5
155,17,4.5
155,11,3.0
156,4,4.0
156,22,4.5
156,17,3.0
156,12,4.5
156,2,4.0
156,24,5.0
156,6,4.0
156,23,3.5
156,7,4.5
156,15,3.5
156,26,2.0
156,3,3.0
157,9,3.5
157,24,4.0
157,22,4.0
157,4,4.0
157,13,5.0
157,30,4.5
157,10,4.5
157,7,3.0
157,29,3.5
158,6,4.5
158,13,3.0
158,9,3.5
158,2,3.5
158,20,4.5
158,8,3.5
158,10,4.5
158,17,1.0
158,28,2.0
158,25,2.5
159,25,5.0
159,26,4.5
159,16,4.5
159,7,3.0
159,14,4.5
159,24,3.5
159,18,3.0
159,23,4.0
159,13,4.0
159,15,4.5
159,28,3.0
159,19,2.5
160,9,3.5
160,27,4.5
160,10,3.5
160,7,4.5
160,22,4.0
160,11,4.5
160,29,3.0
160,15,5.0
160,13,2.5
161,21,5.0
161,22,4.0
161,24,4.0
161,9,4.0
161,29,4.5
161,30,4.5
161,20,4.5
161,19,4.0
161,18,4.5
161,3,3.0
161,17,5.0
161,23,2.5
161,11,1.5
162,17,3.0
162,7,3.5
162,26,4.5
162,25,4.5
162,20,4.0
162,22,3.5
162,24,4.5
162,11,3.0
162,30,4.0
162,29,3.0
163,26,4.0
163,18,4.5
163,3,4.0
163,9,3.5
163,21,4.5
163,27,4.5
163,28,2.5
163,17,2.5
164,21,3.5
164,27,5.0
164,13,3.5
164,17,3.0
164,14,5.0
164,18,4.0
164,22,4.5
164,12,3.5
164,2,2.5
164,20,2.5
165,5,4.5
165,28,3.5
165,11,4.0
165,14,4.5
165,9,4.5
165,29,3.0
165,2,5.0
165,23,4.5
165,10,4.5
165,18,2.0
165,3,3.0
166,15,4.5
166,23,5.0
166,26,4.5
166,7,4.0
166,22,4.5
166,11,4.0
166,5,4.0
166,18,3.0
166,24,2.5
167,19,4.0
167,9,5.0
167,29,4.5
167,24,4.0
167,20,4.5
167,18,4.5
167,22,3.5
167,17,4.5
167,21,3.5
167,3,4.5
167,30,5.0
167,15,3.0
167,16,2.5
168,13,3.0
168,5,5.0
168,27,4.0
168,17,4.0
168,7,5.0
168,2,3.0
168,12,4.5
168,15,4.0
168,16,3.5
168,18,4.0
168,23,4.5
168,26,1.5
168,8,2.5
168,11,2.0
168,4,3.0
169,19,3.5
169,3,4.0
169,10,3.5
169,29,5.0
169,2,3.5
169,7,4.0
169,25,4.5
169,20,4.5
169,21,4.0
169,6,5.0
169,8,4.5
169,9,4.0
169,14,1.0
170,17,4.0
170,20,4.0
170,28,4.5
170,19,3.0
170,9,4.0
170,10,4.5
170,25,4.0
170,2,1.5
170,26,2.5
170,22,2.0
170,14,2.0
171,2,4.0
171,12,5.0
171,6,5.0
171,4,4.5
171,24,3.5
171,23,4.5
171,3,2.5
171,17,2.0
172,6,3.0
172,2,4.0
172,1,3.0
172,20,4.0
172,10,5.0
172,14,5.0
172,9,4.5
172,12,2.5
172,19,3.0
173,14,5.0
173,17,3.5
173,12,4.0
173,27,3.0
173,9,1.5
173,28,1.0
173,22,2.5
173,1,3.0
173,11,1.0
174,18,4.0
174,12,5.0
174,17,5.0
174,22,3.5
174,27,4.5
174,13,4.5
174,14,4.0
174,21,4.0
174,2,2.0
174,16,2.0
174,29,2.0
175,8,5.0
175,13,4.0
175,21,4.0
175,25,4.0
175,7,5.0
175,2,3.5
175,6,3.5
175,10,4.0
175,29,3.5
175,20,4.5
175,22,3.5
175,3,4.0
175,19,1.5
175,9,1.5
175,23,2.5
176,7,4.5
176,1,4.5
176,8,4.0
176,10,5.0
176,25,3.0
176,3,4.0
176,29,5.0
176,22,4.0
176,23,4.0
176,17,4.0
176,11,4.5
176,16,3.5
176,20,5.0
176,27,4.5
176,5,2.5
176,18,3.0
176,12,3.0
176,13,1.5
177,4,4.0
177,22,4.5
177,5,4.5
177,14,4.5
177,24,4.5
177,6,4.5
177,2,3.0
177,16,5.0
177,7,3.5
177,15,4.0
177,23,4.5
177,11,4.0
177,27,5.0
177,1,4.0
177,17,5.0
177,26,2.5
177,8,2.5
178,10,4.0
178,20,4.5
178,21,4.0
178,29,4.5
178,19,3.0
178,2,4.0
178,6,4.5
178,3,4.5
178,9,4.5
178,7,3.5
178,18,1.0
178,13,1.5
178,11,2.5
178,30,1.5
179,25,4.0
179,15,3.5
179,12,3.5
179,17,4.5
179,22,4.5
179,3,5.0
179,21,4.5
179,4,4.5
179,11,4.5
179,14,5.0
179,5,4.5
179,26,5.0
179,20,5.0
179,28,5.0
179,29,4.0
179,23,3.0
179,9,3.5
179,13,2.5
179,1,3.0
180,25,4.0
180,9,4.0
180,22,5.0
180,20,4.5
180,6,4.0
180,19,3.0
180,2,4.5
180,29,4.5
180,18,4.5
180,7,5.0
180,8,5.0
180,14,2.0
180,5,3.0
181,28,4.0
181,7,3.5
181,15,3.0
181,4,3.5
181,23,4.0
181,5,4.0
181,26,4.0
181,22,5.0
181,12,4.0
181,25,4.0
181,24,3.5
181,16,3.0
181,14,4.5
181,11,4.5
181,2,2.5
181,17,1.0
181,29,2.5
182,21,5.0
182,8,4.0
182,19,5.0
182,26,5.0
182,10,4.0
182,20,4.5
182,9,5.0
182,25,4.0
182,7,4.0
182,28,4.0
182,18,4.0
182,11,3.0
182,6,3.5
182,3,3.0
182,14,3.0
183,14,4.0
183,4,5.0
183,28,3.0
183,12,3.5
183,23,4.0
183,29,4.0
183,26,4.0
183,7,4.0
183,9,3.5
183,30,4.0
183,24,4.5
183,20,4.5
183,13,3.0
183,19,2.5
183,22,2.0
183,6,3.0
184,2,4.5
184,7,4.5
184,14,4.0
184,4,3.0
184,16,4.0
184,12,4.0
184,24,3.5
184,27,5.0
184,11,4.0
184,5,3.5
184,22,3.5
184,17,4.0
184,15,5.0
184,6,4.0
184,1,4.0
184,23,4.5
184,30,2.5
185,29,5.0
185,3,4.0
185,8,5.0
185,7,5.0
185,2,3.5
185,6,3.5
185,9,5.0
185,25,5.0
185,20,3.0
185,19,3.0
185,21,3.5
185,10,5.0
185,24,2.0
185,17,2.0
185,26,1.0
186,18,5.0
186,29,5.0
186,1,3.0
186,8,3.5
186,17,4.5
186,9,3.0
186,13,3.0
186,3,3.5
186,22,4.0
186,10,4.0
186,30,3.0
186,6,3.5
186,20,4.0
186,14,4.5
186,24,3.5
186,2,4.0
186,21,5.0
187,10,3.0
187,2,4.0
187,7,5.0
187,26,4.5
187,21,4.5
187,6,4.5
187,29,4.5
187,18,5.0
187,19,4.5
187,3,4.5
187,4,2.5
187,17,2.0
188,22,3.5
188,21,4.5
188,24,3.0
188,9,3.0
188,19,4.0
188,3,4.0
188,29,5.0
188,18,4.5
188,17,4.0
188,20,3.0
188,30,4.0
188,11,2.5
188,28,1.5
189,13,4.0
189,6,4.5
189,30,4.0
189,29,4.5
189,2,4.5
189,1,4.5
189,9,4.0
189,20,4.5
189,10,4.0
189,8,3.0
189,14,5.0
189,3,3.0
189,18,1.0
189,17,2.5
189,15,3.0
190,19,3.5
190,22,4.0
190,3,4.5
190,6,4.5
190,28,4.5
190,8,3.5
190,20,3.0
190,10,5.0
190,25,4.5
190,26,3.5
190,29,4.5
190,7,5.0
190,11,2.0
190,5,1.5
191,16,4.5
191,25,3.0
191,22,4.5
191,5,4.5
191,12,4.0
191,6,3.5
191,20,4.0
191,8,4.5
191,30,3.5
191,4,3.5
191,14,3.5
191,29,4.5
191,1,3.0
191,17,3.0
191,24,2.5
191,11,3.0
191,26,2.0
191,23,2.5
192,14,4.5
192,27,3.0
192,12,3.5
192,17,4.5
192,24,2.0
193,21,4.0
193,15,3.0
193,24,3.5
193,3,4.5
193,10,3.0
193,14,4.5
193,8,4.0
193,20,5.0
193,26,4.0
193,30,2.0
193,11,2.5
193,28,2.0
194,30,4.0
194,22,4.0
194,14,3.0
194,21,3.5
194,8,5.0
194,29,4.5
194,18,4.0
194,6,4.0
194,20,4.0
194,13,4.5
194,10,4.5
194,2,4.5
194,24,3.0
194,9,2.5
194,4,2.5
195,22,5.0
195,21,5.0
195,17,5.0
195,6,5.0
195,13,4.0
195,24,4.5
195,3,5.0
195,29,2.5
196,27,4.5
196,7,4.5
196,22,4.0
196,14,5.0
196,4,4.5
196,12,4.5
196,6,4.0
196,19,1.5
196,2,2.5
196,9,2.0
196,20,3.0
197,2,4.5
197,3,5.0
197,19,4.0
197,8,4.5
197,10,4.0
197,25,5.0
197,29,3.0
197,6,4.0
197,9,4.5
197,14,2.5
197,23,2.0
197,7,2.0
198,9,4.0
198,2,4.5
198,1,4.5
198,20,4.5
198,13,4.0
198,6,5.0
198,8,4.0
198,10,4.0
198,4,2.5
198,16,2.0
199,4,3.5
199,1,4.0
199,2,4.0
199,11,4.0
199,12,4.5
199,24,5.0
199,17,5.0
199,23,5.0
199,16,4.5
199,22,2.5
199,19,1.5
199,14,3.0
199,13,2.5
199,25,2.0
200,27,4.0
200,17,5.0
200,12,4.0
200,14,3.5
200,10,2.5
